{
  "status": "ok",
  "totalResults": 12989,
  "articles": [
    {
      "source": {
        "id": null,
        "name": "Aktualne.cz"
      },
      "author": "Martin Přibyl",
      "title": "Tesla na půl roku zdarma. Německá vláda chce omezit zneužívání dotací na elektroauta",
      "description": "Štědré německé vládní dotace na pořízení elektromobilu nenechaly některé tamní podnikatele v klidu. Vláda chce zasáhnout.",
      "url": "https://zpravy.aktualne.cz/ekonomika/auto/tesla-na-pul-roku-zdarma-nemecka-vlada-chce-omezit-zneuzivan/r~48d4cc96963c11ec8a24ac1f6b220ee8/",
      "urlToImage": "https://cdn.xsd.cz/resize/efaf9ad08b873e59875a8869d3df5cdf_.jpg?hash=03803633059178c01bb30e2ce1e25462",
      "publishedAt": "2022-02-28T05:02:00Z",
      "content": "Majitel autobazaru v Mönchengladbachu, Alexander Schmitz, se rozhodl chopit příležitosti. \"Jezděte Teslou půl roku zdarma,\" hlásají jeho webové stránky. Firma garantuje opětovný výkup Tesly Model 3 z… [+2484 chars]"
    }
  ]
}
